{
    " ": {
        "height": 59,
        "u1": 0.0,
        "u2": 0.0,
        "v1": 0.111328125,
        "v2": 0.2109375,
        "width": 0
    },
    "!": {
        "height": 59,
        "u1": 0.00390625,
        "u2": 0.0234375,
        "v1": 0.111328125,
        "v2": 0.2109375,
        "width": 10
    },
    "\"": {
        "height": 59,
        "u1": 0.02734375,
        "u2": 0.056640625,
        "v1": 0.111328125,
        "v2": 0.2109375,
        "width": 15
    },
    "#": {
        "height": 59,
        "u1": 0.060546875,
        "u2": 0.109375,
        "v1": 0.111328125,
        "v2": 0.2109375,
        "width": 25
    },
    "$": {
        "height": 59,
        "u1": 0.11328125,
        "u2": 0.150390625,
        "v1": 0.111328125,
        "v2": 0.2109375,
        "width": 19
    },
    "%": {
        "height": 59,
        "u1": 0.154296875,
        "u2": 0.22265625,
        "v1": 0.111328125,
        "v2": 0.2109375,
        "width": 35
    },
    "&": {
        "height": 59,
        "u1": 0.2265625,
        "u2": 0.28125,
        "v1": 0.111328125,
        "v2": 0.2109375,
        "width": 28
    },
    "'": {
        "height": 59,
        "u1": 0.28515625,
        "u2": 0.30078125,
        "v1": 0.111328125,
        "v2": 0.2109375,
        "width": 8
    },
    "(": {
        "height": 59,
        "u1": 0.3046875,
        "u2": 0.32421875,
        "v1": 0.111328125,
        "v2": 0.2109375,
        "width": 10
    },
    ")": {
        "height": 59,
        "u1": 0.328125,
        "u2": 0.345703125,
        "v1": 0.111328125,
        "v2": 0.2109375,
        "width": 9
    },
    "*": {
        "height": 59,
        "u1": 0.349609375,
        "u2": 0.384765625,
        "v1": 0.111328125,
        "v2": 0.2109375,
        "width": 18
    },
    "+": {
        "height": 59,
        "u1": 0.388671875,
        "u2": 0.41796875,
        "v1": 0.111328125,
        "v2": 0.2109375,
        "width": 15
    },
    ",": {
        "height": 59,
        "u1": 0.421875,
        "u2": 0.435546875,
        "v1": 0.111328125,
        "v2": 0.2109375,
        "width": 7
    },
    "-": {
        "height": 59,
        "u1": 0.439453125,
        "u2": 0.46875,
        "v1": 0.111328125,
        "v2": 0.2109375,
        "width": 15
    },
    ".": {
        "height": 59,
        "u1": 0.47265625,
        "u2": 0.486328125,
        "v1": 0.111328125,
        "v2": 0.2109375,
        "width": 7
    },
    "/": {
        "height": 59,
        "u1": 0.490234375,
        "u2": 0.541015625,
        "v1": 0.111328125,
        "v2": 0.2109375,
        "width": 26
    },
    "0": {
        "height": 59,
        "u1": 0.544921875,
        "u2": 0.58984375,
        "v1": 0.111328125,
        "v2": 0.2109375,
        "width": 23
    },
    "1": {
        "height": 59,
        "u1": 0.59375,
        "u2": 0.615234375,
        "v1": 0.111328125,
        "v2": 0.2109375,
        "width": 11
    },
    "2": {
        "height": 59,
        "u1": 0.619140625,
        "u2": 0.662109375,
        "v1": 0.111328125,
        "v2": 0.2109375,
        "width": 22
    },
    "3": {
        "height": 59,
        "u1": 0.666015625,
        "u2": 0.7109375,
        "v1": 0.111328125,
        "v2": 0.2109375,
        "width": 23
    },
    "4": {
        "height": 59,
        "u1": 0.71484375,
        "u2": 0.759765625,
        "v1": 0.111328125,
        "v2": 0.2109375,
        "width": 23
    },
    "5": {
        "height": 59,
        "u1": 0.763671875,
        "u2": 0.80859375,
        "v1": 0.111328125,
        "v2": 0.2109375,
        "width": 23
    },
    "6": {
        "height": 59,
        "u1": 0.8125,
        "u2": 0.85546875,
        "v1": 0.111328125,
        "v2": 0.2109375,
        "width": 22
    },
    "7": {
        "height": 59,
        "u1": 0.859375,
        "u2": 0.900390625,
        "v1": 0.111328125,
        "v2": 0.2109375,
        "width": 21
    },
    "8": {
        "height": 59,
        "u1": 0.904296875,
        "u2": 0.951171875,
        "v1": 0.111328125,
        "v2": 0.2109375,
        "width": 24
    },
    "9": {
        "height": 59,
        "u1": 0.955078125,
        "u2": 0.99609375,
        "v1": 0.111328125,
        "v2": 0.2109375,
        "width": 21
    },
    ":": {
        "height": 59,
        "u1": 0.0,
        "u2": 0.013671875,
        "v1": 0.23046875,
        "v2": 0.330078125,
        "width": 7
    },
    ";": {
        "height": 59,
        "u1": 0.017578125,
        "u2": 0.033203125,
        "v1": 0.23046875,
        "v2": 0.330078125,
        "width": 8
    },
    "<": {
        "height": 59,
        "u1": 0.037109375,
        "u2": 0.111328125,
        "v1": 0.23046875,
        "v2": 0.330078125,
        "width": 38
    },
    "=": {
        "height": 59,
        "u1": 0.115234375,
        "u2": 0.146484375,
        "v1": 0.23046875,
        "v2": 0.330078125,
        "width": 16
    },
    ">": {
        "height": 59,
        "u1": 0.150390625,
        "u2": 0.224609375,
        "v1": 0.23046875,
        "v2": 0.330078125,
        "width": 38
    },
    "?": {
        "height": 59,
        "u1": 0.228515625,
        "u2": 0.265625,
        "v1": 0.23046875,
        "v2": 0.330078125,
        "width": 19
    },
    "@": {
        "height": 59,
        "u1": 0.26953125,
        "u2": 0.32421875,
        "v1": 0.23046875,
        "v2": 0.330078125,
        "width": 28
    },
    "A": {
        "height": 59,
        "u1": 0.328125,
        "u2": 0.380859375,
        "v1": 0.23046875,
        "v2": 0.330078125,
        "width": 27
    },
    "B": {
        "height": 59,
        "u1": 0.384765625,
        "u2": 0.4375,
        "v1": 0.23046875,
        "v2": 0.330078125,
        "width": 27
    },
    "C": {
        "height": 59,
        "u1": 0.44140625,
        "u2": 0.49609375,
        "v1": 0.23046875,
        "v2": 0.330078125,
        "width": 28
    },
    "D": {
        "height": 59,
        "u1": 0.5,
        "u2": 0.552734375,
        "v1": 0.23046875,
        "v2": 0.330078125,
        "width": 27
    },
    "E": {
        "height": 59,
        "u1": 0.556640625,
        "u2": 0.60546875,
        "v1": 0.23046875,
        "v2": 0.330078125,
        "width": 25
    },
    "F": {
        "height": 59,
        "u1": 0.609375,
        "u2": 0.658203125,
        "v1": 0.23046875,
        "v2": 0.330078125,
        "width": 25
    },
    "G": {
        "height": 59,
        "u1": 0.662109375,
        "u2": 0.71875,
        "v1": 0.23046875,
        "v2": 0.330078125,
        "width": 29
    },
    "H": {
        "height": 59,
        "u1": 0.72265625,
        "u2": 0.7734375,
        "v1": 0.23046875,
        "v2": 0.330078125,
        "width": 26
    },
    "I": {
        "height": 59,
        "u1": 0.77734375,
        "u2": 0.794921875,
        "v1": 0.23046875,
        "v2": 0.330078125,
        "width": 9
    },
    "J": {
        "height": 59,
        "u1": 0.798828125,
        "u2": 0.83984375,
        "v1": 0.23046875,
        "v2": 0.330078125,
        "width": 21
    },
    "K": {
        "height": 59,
        "u1": 0.84375,
        "u2": 0.892578125,
        "v1": 0.23046875,
        "v2": 0.330078125,
        "width": 25
    },
    "L": {
        "height": 59,
        "u1": 0.896484375,
        "u2": 0.9453125,
        "v1": 0.23046875,
        "v2": 0.330078125,
        "width": 25
    },
    "M": {
        "height": 59,
        "u1": 0.0,
        "u2": 0.076171875,
        "v1": 0.349609375,
        "v2": 0.44921875,
        "width": 39
    },
    "N": {
        "height": 59,
        "u1": 0.080078125,
        "u2": 0.130859375,
        "v1": 0.349609375,
        "v2": 0.44921875,
        "width": 26
    },
    "O": {
        "height": 59,
        "u1": 0.134765625,
        "u2": 0.1875,
        "v1": 0.349609375,
        "v2": 0.44921875,
        "width": 27
    },
    "P": {
        "height": 59,
        "u1": 0.19140625,
        "u2": 0.240234375,
        "v1": 0.349609375,
        "v2": 0.44921875,