{
    " ": {
        "height": 23,
        "u1": 0.0,
        "u2": 0.0,
        "v1": 0.08203125,
        "v2": 0.1640625,
        "width": 0
    },
    "!": {
        "height": 23,
        "u1": 0.0078125,
        "u2": 0.0234375,
        "v1": 0.08203125,
        "v2": 0.1640625,
        "width": 4
    },
    "\"": {
        "height": 23,
        "u1": 0.03125,
        "u2": 0.05859375,
        "v1": 0.08203125,
        "v2": 0.1640625,
        "width": 7
    },
    "#": {
        "height": 23,
        "u1": 0.06640625,
        "u2": 0.1171875,
        "v1": 0.08203125,
        "v2": 0.1640625,
        "width": 13
    },
    "$": {
        "height": 23,
        "u1": 0.125,
        "u2": 0.1640625,
        "v1": 0.08203125,
        "v2": 0.1640625,
        "width": 10
    },
    "%": {
        "height": 23,
        "u1": 0.171875,
        "u2": 0.23828125,
        "v1": 0.08203125,
        "v2": 0.1640625,
        "width": 17
    },
    "&": {
        "height": 23,
        "u1": 0.24609375,
        "u2": 0.3046875,
        "v1": 0.08203125,
        "v2": 0.1640625,
        "width": 15
    },
    "'": {
        "height": 23,
        "u1": 0.3125,
        "u2": 0.32421875,
        "v1": 0.08203125,
        "v2": 0.1640625,
        "width": 3
    },
    "(": {
        "height": 23,
        "u1": 0.33203125,
        "u2": 0.35546875,
        "v1": 0.08203125,
        "v2": 0.1640625,
        "width": 6
    },
    ")": {
        "height": 23,
        "u1": 0.36328125,
        "u2": 0.38671875,
        "v1": 0.08203125,
        "v2": 0.1640625,
        "width": 6
    },
    "*": {
        "height": 23,
        "u1": 0.39453125,
        "u2": 0.43359375,
        "v1": 0.08203125,
        "v2": 0.1640625,
        "width": 10
    },
    "+": {
        "height": 23,
        "u1": 0.44140625,
        "u2": 0.48046875,
        "v1": 0.08203125,
        "v2": 0.1640625,
        "width": 10
    },
    ",": {
        "height": 23,
        "u1": 0.48828125,
        "u2": 0.50390625,
        "v1": 0.08203125,
        "v2": 0.1640625,
        "width": 4
    },
    "-": {
        "height": 23,
        "u1": 0.51171875,
        "u2": 0.53515625,
        "v1": 0.08203125,
        "v2": 0.1640625,
        "width": 6
    },
    ".": {
        "height": 23,
        "u1": 0.54296875,
        "u2": 0.55859375,
        "v1": 0.08203125,
        "v2": 0.1640625,
        "width": 4
    },
    "/": {
        "height": 23,
        "u1": 0.56640625,
        "u2": 0.60546875,
        "v1": 0.08203125,
        "v2": 0.1640625,
        "width": 10
    },
    "0": {
        "height": 23,
        "u1": 0.61328125,
        "u2": 0.65625,
        "v1": 0.08203125,
        "v2": 0.1640625,
        "width": 11
    },
    "1": {
        "height": 23,
        "u1": 0.6640625,
        "u2": 0.69140625,
        "v1": 0.08203125,
        "v2": 0.1640625,
        "width": 7
    },
    "2": {
        "height": 23,
        "u1": 0.69921875,
        "u2": 0.73828125,
        "v1": 0.08203125,
        "v2": 0.1640625,
        "width": 10
    },
    "3": {
        "height": 23,
        "u1": 0.74609375,
        "u2": 0.78515625,
        "v1": 0.08203125,
        "v2": 0.1640625,
        "width": 10
    },
    "4": {
        "height": 23,
        "u1": 0.79296875,
        "u2": 0.83984375,
        "v1": 0.08203125,
        "v2": 0.1640625,
        "width": 12
    },
    "5": {
        "height": 23,
        "u1": 0.84765625,
        "u2": 0.88671875,
        "v1": 0.08203125,
        "v2": 0.1640625,
        "width": 10
    },
    "6": {
        "height": 23,
        "u1": 0.89453125,
        "u2": 0.93359375,
        "v1": 0.08203125,
        "v2": 0.1640625,
        "width": 10
    },
    "7": {
        "height": 23,
        "u1": 0.94140625,
        "u2": 0.98046875,
        "v1": 0.08203125,
        "v2": 0.1640625,
        "width": 10
    },
    "8": {
        "height": 23,
        "u1": 0.0,
        "u2": 0.0390625,
        "v1": 0.1796875,
        "v2": 0.26171875,
        "width": 10
    },
    "9": {
        "height": 23,
        "u1": 0.046875,
        "u2": 0.0859375,
        "v1": 0.1796875,
        "v2": 0.26171875,
        "width": 10
    },
    ":": {
        "height": 23,
        "u1": 0.09375,
        "u2": 0.109375,
        "v1": 0.1796875,
        "v2": 0.26171875,
        "width": 4
    },
    ";": {
        "height": 23,
        "u1": 0.1171875,
        "u2": 0.13671875,
        "v1": 0.1796875,
        "v2": 0.26171875,
        "width": 5
    },
    "<": {
        "height": 23,
        "u1": 0.14453125,
        "u2": 0.18359375,
        "v1": 0.1796875,
        "v2": 0.26171875,
        "width": 10
    },
    "=": {
        "height": 23,
        "u1": 0.19140625,
        "u2": 0.23046875,
        "v1": 0.1796875,
        "v2": 0.26171875,
        "width": 10
    },
    ">": {
        "height": 23,
        "u1": 0.23828125,
        "u2": 0.27734375,
        "v1": 0.1796875,
        "v2": 0.26171875,
        "width": 10
    },
    "?": {
        "height": 23,
        "u1": 0.28515625,
        "u2": 0.3203125,
        "v1": 0.1796875,
        "v2": 0.26171875,
        "width": 9
    },
    "@": {
        "height": 23,
        "u1": 0.328125,
        "u2": 0.3984375,
        "v1": 0.1796875,
        "v2": 0.26171875,
        "width": 18
    },
    "A": {
        "height": 23,
        "u1": 0.40625,
        "u2": 0.46484375,
        "v1": 0.1796875,
        "v2": 0.26171875,
        "width": 15
    },
    "B": {
        "height": 23,
        "u1": 0.47265625,
        "u2": 0.51953125,
        "v1": 0.1796875,
        "v2": 0.26171875,
        "width": 12
    },
    "C": {
        "height": 23,
        "u1": 0.52734375,
        "u2": 0.57421875,
        "v1": 0.1796875,
        "v2": 0.26171875,
        "width": 12
    },
    "D": {
        "height": 23,
        "u1": 0.58203125,
        "u2": 0.63671875,
        "v1": 0.1796875,
        "v2": 0.26171875,
        "width": 14
    },
    "E": {
        "height": 23,
        "u1": 0.64453125,
        "u2": 0.6875,
        "v1": 0.1796875,
        "v2": 0.26171875,
        "width": 11
    },
    "F": {
        "height": 23,
        "u1": 0.6953125,
        "u2": 0.734375,
        "v1": 0.1796875,
        "v2": 0.26171875,
        "width": 10
    },
    "G": {
        "height": 23,
        "u1": 0.7421875,
        "u2": 0.7890625,
        "v1": 0.1796875,
        "v2": 0.26171875,
        "width": 12
    },
    "H": {
        "height": 23,
        "u1": 0.796875,
        "u2": 0.84765625,
        "v1": 0.1796875,
        "v2": 0.26171875,
        "width": 13
    },
    "I": {
        "height": 23,
        "u1": 0.85546875,
        "u2": 0.8671875,
        "v1": 0.1796875,
        "v2": 0.26171875,
        "width": 3
    },
    "J": {
        "height": 23,
        "u1": 0.875,
        "u2": 0.91015625,
        "v1": 0.1796875,
        "v2": 0.26171875,
        "width": 9
    },
    "K": {
        "height": 23,
        "u1": 0.91796875,
        "u2": 0.96875,
        "v1": 0.1796875,
        "v2": 0.26171875,
        "width": 13
    },
    "L": {
        "height": 23,
        "u1": 0.0,
        "u2": 0.0390625,
        "v1": 0.27734375,
        "v2": 0.359375,
        "width": 10
    },
    "M": {
        "height": 23,
        "u1": 0.046875,
        "u2": 0.11328125,
        "v1": 0.27734375,
        "v2": 0.359375,
        "width": 17
    },
    "N": {
        "height": 23,
        "u1": 0.12109375,
        "u2": 0.171875,
        "v1": 0.27734375,
        "v2": 0.359375,
        "width": 13
    },
    "O": {
        "height": 23,
        "u1": 0.1796875,
        "u2": 0.23828125,
        "v1": 0.27734375,
        "v2": 0.359375,
        "width": 15
    },
    "P": {
        "height": 23,
        "u1": 0.24609375,
        "u2": 0.29296875,
        "v1": 0.27734375,
        "v2": 0.359375,
        "width": 12
    },
    "Q": {
        "height": 23,
        "u1": 0.30078125,
        "u2": 0.359375,
        "v1": 0.27734375,