{
    " ": {
        "height": 95,
        "u1": 0.0,
        "u2": 0.0,
        "v1": 0.12109375,
        "v2": 0.2265625,
        "width": 0
    },
    "!": {
        "height": 95,
        "u1": 0.0026041667442768812,
        "u2": 0.02083333395421505,
        "v1": 0.12109375,
        "v2": 0.2265625,
        "width": 14
    },
    "\"": {
        "height": 95,
        "u1": 0.0234375,
        "u2": 0.0546875,
        "v1": 0.12109375,
        "v2": 0.2265625,
        "width": 24
    },
    "#": {
        "height": 95,
        "u1": 0.0572916679084301,
        "u2": 0.1067708358168602,
        "v1": 0.12109375,
        "v2": 0.2265625,
        "width": 38
    },
    "$": {
        "height": 95,
        "u1": 0.109375,
        "u2": 0.1484375,
        "v1": 0.12109375,
        "v2": 0.2265625,
        "width": 30
    },
    "%": {
        "height": 95,
        "u1": 0.1510416716337204,
        "u2": 0.2213541716337204,
        "v1": 0.12109375,
        "v2": 0.2265625,
        "width": 54
    },
    "&": {
        "height": 95,
        "u1": 0.2239583283662796,
        "u2": 0.28125,
        "v1": 0.12109375,
        "v2": 0.2265625,
        "width": 44
    },
    "'": {
        "height": 95,
        "u1": 0.2838541567325592,
        "u2": 0.2981770932674408,
        "v1": 0.12109375,
        "v2": 0.2265625,
        "width": 11
    },
    "(": {
        "height": 95,
        "u1": 0.30078125,
        "u2": 0.3190104067325592,
        "v1": 0.12109375,
        "v2": 0.2265625,
        "width": 14
    },
    ")": {
        "height": 95,
        "u1": 0.3216145932674408,
        "u2": 0.3411458432674408,
        "v1": 0.12109375,
        "v2": 0.2265625,
        "width": 15
    },
    "*": {
        "height": 95,
        "u1": 0.34375,
        "u2": 0.37890625,
        "v1": 0.12109375,
        "v2": 0.2265625,
        "width": 27
    },
    "+": {
        "height": 95,
        "u1": 0.3815104067325592,
        "u2": 0.4114583432674408,
        "v1": 0.12109375,
        "v2": 0.2265625,
        "width": 23
    },
    ",": {
        "height": 95,
        "u1": 0.4140625,
        "u2": 0.4296875,
        "v1": 0.12109375,
        "v2": 0.2265625,
        "width": 12
    },
    "-": {
        "height": 95,
        "u1": 0.4322916567325592,
        "u2": 0.4635416567325592,
        "v1": 0.12109375,
        "v2": 0.2265625,
        "width": 24
    },
    ".": {
        "height": 95,
        "u1": 0.4661458432674408,
        "u2": 0.4817708432674408,
        "v1": 0.12109375,
        "v2": 0.2265625,
        "width": 12
    },
    "/": {
        "height": 95,
        "u1": 0.484375,
        "u2": 0.5377604365348816,
        "v1": 0.12109375,
        "v2": 0.2265625,
        "width": 41
    },
    "0": {
        "height": 95,
        "u1": 0.5403645634651184,
        "u2": 0.5859375,
        "v1": 0.12109375,
        "v2": 0.2265625,
        "width": 35
    },
    "1": {
        "height": 95,
        "u1": 0.5885416865348816,
        "u2": 0.6119791865348816,
        "v1": 0.12109375,
        "v2": 0.2265625,
        "width": 18
    },
    "2": {
        "height": 95,
        "u1": 0.6145833134651184,
        "u2": 0.66015625,
        "v1": 0.12109375,
        "v2": 0.2265625,
        "width": 35
    },
    "3": {
        "height": 95,
        "u1": 0.6627604365348816,
        "u2": 0.7109375,
        "v1": 0.12109375,
        "v2": 0.2265625,
        "width": 37
    },
    "4": {
        "height": 95,
        "u1": 0.7135416865348816,
        "u2": 0.76171875,
        "v1": 0.12109375,
        "v2": 0.2265625,
        "width": 37
    },
    "5": {
        "height": 95,
        "u1": 0.7643229365348816,
        "u2": 0.8111979365348816,
        "v1": 0.12109375,
        "v2": 0.2265625,
        "width": 36
    },
    "6": {
        "height": 95,
        "u1": 0.8138020634651184,
        "u2": 0.859375,
        "v1": 0.12109375,
        "v2": 0.2265625,
        "width": 35
    },
    "7": {
        "height": 95,
        "u1": 0.8619791865348816,
        "u2": 0.9036458134651184,
        "v1": 0.12109375,
        "v2": 0.2265625,
        "width": 32
    },
    "8": {
        "height": 95,
        "u1": 0.90625,
        "u2": 0.9544270634651184,
        "v1": 0.12109375,
        "v2": 0.2265625,
        "width": 37
    },
    "9": {
        "height": 95,
        "u1": 0.0,
        "u2": 0.0442708320915699,
        "v1": 0.2473958283662796,
        "v2": 0.3528645932674408,
        "width": 34
    },
    ":": {
        "height": 95,
        "u1": 0.046875,
        "u2": 0.0625,
        "v1": 0.2473958283662796,
        "v2": 0.3528645932674408,
        "width": 12
    },
    ";": {
        "height": 95,
        "u1": 0.0651041641831398,
        "u2": 0.0807291641831398,
        "v1": 0.2473958283662796,
        "v2": 0.3528645932674408,
        "width": 12
    },
    "<": {
        "height": 95,
        "u1": 0.0833333358168602,
        "u2": 0.16015625,
        "v1": 0.2473958283662796,
        "v2": 0.3528645932674408,
        "width": 59
    },
    "=": {
        "height": 95,
        "u1": 0.1627604216337204,
        "u2": 0.1966145783662796,
        "v1": 0.2473958283662796,
        "v2": 0.3528645932674408,
        "width": 26
    },
    ">": {
        "height": 95,
        "u1": 0.19921875,
        "u2": 0.27734375,
        "v1": 0.2473958283662796,
        "v2": 0.3528645932674408,
        "width": 60
    },
    "?": {
        "height": 95,
        "u1": 0.2799479067325592,
        "u2": 0.3177083432674408,
        "v1": 0.2473958283662796,
        "v2": 0.3528645932674408,
        "width": 29
    },
    "@": {
        "height": 95,
        "u1": 0.3203125,
        "u2": 0.3776041567325592,
        "v1": 0.2473958283662796,
        "v2": 0.3528645932674408,
        "width": 44
    },
    "A": {
        "height": 95,
        "u1": 0.3802083432674408,
        "u2": 0.4375,
        "v1": 0.2473958283662796,
        "v2": 0.3528645932674408,
        "width": 44
    },
    "B": {
        "height": 95,
        "u1": 0.4401041567325592,
        "u2": 0.49609375,
        "v1": 0.2473958283662796,
        "v2": 0.3528645932674408,
        "width": 43
    },
    "C": {
        "height": 95,
        "u1": 0.4986979067325592,
        "u2": 0.5546875,
        "v1": 0.2473958283662796,
        "v2": 0.3528645932674408,
        "width": 43
    },
    "D": {
        "height": 95,
        "u1": 0.5572916865348816,
        "u2": 0.61328125,
        "v1": 0.2473958283662796,
        "v2": 0.3528645932674408,
        "width": 43
    },
    "E": {
        "height": 95,
        "u1": 0.6158854365348816,
        "u2": 0.6692708134651184,
        "v1": 0.2473958283662796,
        "v2": 0.3528645932674408,
        "width": 41
    },
    "F": {
        "height": 95,
        "u1": 0.671875,
        "u2": 0.7239583134651184,
        "v1": 0.2473958283662796,
        "v2": 0.3528645932674408,
        "width": 40
    },
    "G": {
        "height": 95,
        "u1": 0.7265625,
        "u2": 0.7864583134651184,
        "v1": 0.2473958283662796,
        "v2": 0.3528645932674408,
        "width": 46
    },
    "H": {
        "height": 95,
        "u1": 0.7890625,
        "u2": 0.8424479365348816,
        "v1": 0.2473958283662796,
        "v2": 0.3528645932674408,
        "width": 41
    },
    "I": {
        "height": 95,
        "u1": 0.8450520634651184,
        "u2": 0.86328125,
        "v1": 0.2473958283662796,
        "v2": 0.3528645932674408,
        "width": 14
    },
    "J": {
        "height": 95,
        "u1": 0.8658854365348816,
        "u2": 0.9114583134651184,
        "v1": 0.2473958283662796,
        "v2": 0.3528645932674408,
        "width": 35
    },
    "K": {
        "height": 95,
        "u1": 0.9140625,
        "u2": 0.9661458134651184,
        "v1": 0.2473958283662796,
        "v2": 0.3528645932674408,
        "width": 40
    },
    "L": {
        "height": 95,
        "u1": 0.0,
        "u2": 0.0520833320915699,
        "v1": 0.3736979067325592,