{
    " ": [
        0.0,
        0.1015625,
        0.0,
        0.203125,
        0,
        26
    ],
    "!": [
        0.0078125,
        0.1015625,
        0.02734375,
        0.203125,
        5,
        26
    ],
    "\"": [
        0.03515625,
        0.1015625,
        0.0703125,
        0.203125,
        9,
        26
    ],
    "#": [
        0.078125,
        0.1015625,
        0.12890625,
        0.203125,
        13,
        26
    ],
    "$": [
        0.13671875,
        0.1015625,
        0.1796875,
        0.203125,
        11,
        26
    ],
    "%": [
        0.1875,
        0.1015625,
        0.26171875,
        0.203125,
        19,
        26
    ],
    "&": [
        0.26953125,
        0.1015625,
        0.328125,
        0.203125,
        15,
        26
    ],
    "'": [
        0.3359375,
        0.1015625,
        0.3515625,
        0.203125,
        4,
        26
    ],
    "(": [
        0.359375,
        0.1015625,
        0.37890625,
        0.203125,
        5,
        26
    ],
    ")": [
        0.38671875,
        0.1015625,
        0.41015625,
        0.203125,
        6,
        26
    ],
    "*": [
        0.41796875,
        0.1015625,
        0.45703125,
        0.203125,
        10,
        26
    ],
    "+": [
        0.46484375,
        0.1015625,
        0.49609375,
        0.203125,
        8,
        26
    ],
    ",": [
        0.50390625,
        0.1015625,
        0.5234375,
        0.203125,
        5,
        26
    ],
    "-": [
        0.53125,
        0.1015625,
        0.56640625,
        0.203125,
        9,
        26
    ],
    ".": [
        0.57421875,
        0.1015625,
        0.59375,
        0.203125,
        5,
        26
    ],
    "/": [
        0.6015625,
        0.1015625,
        0.65625,
        0.203125,
        14,
        26
    ],
    "0": [
        0.6640625,
        0.1015625,
        0.7109375,
        0.203125,
        12,
        26
    ],
    "1": [
        0.71875,
        0.1015625,
        0.7421875,
        0.203125,
        6,
        26
    ],
    "2": [
        0.75,
        0.1015625,
        0.796875,
        0.203125,
        12,
        26
    ],
    "3": [
        0.8046875,
        0.1015625,
        0.85546875,
        0.203125,
        13,
        26
    ],
    "4": [
        0.86328125,
        0.1015625,
        0.9140625,
        0.203125,
        13,
        26
    ],
    "5": [
        0.921875,
        0.1015625,
        0.97265625,
        0.203125,
        13,
        26
    ],
    "6": [
        0.0,
        0.2109375,
        0.046875,
        0.3125,
        12,
        26
    ],
    "7": [
        0.0546875,
        0.2109375,
        0.09765625,
        0.3125,
        11,
        26
    ],
    "8": [
        0.10546875,
        0.2109375,
        0.15625,
        0.3125,
        13,
        26
    ],
    "9": [
        0.1640625,
        0.2109375,
        0.2109375,
        0.3125,
        12,
        26
    ],
    ":": [
        0.21875,
        0.2109375,
        0.23828125,
        0.3125,
        5,
        26
    ],
    ";": [
        0.24609375,
        0.2109375,
        0.265625,
        0.3125,
        5,
        26
    ],
    "<": [
        0.2734375,
        0.2109375,
        0.3515625,
        0.3125,
        20,
        26
    ],
    "=": [
        0.359375,
        0.2109375,
        0.39453125,
        0.3125,
        9,
        26
    ],
    ">": [
        0.40234375,
        0.2109375,
        0.484375,
        0.3125,
        21,
        26
    ],
    "?": [
        0.4921875,
        0.2109375,
        0.53125,
        0.3125,
        10,
        26
    ],
    "@": [
        0.5390625,
        0.2109375,
        0.59765625,
        0.3125,
        15,
        26
    ],
    "A": [
        0.60546875,
        0.2109375,
        0.6640625,
        0.3125,
        15,
        26
    ],
    "B": [
        0.671875,
        0.2109375,
        0.73046875,
        0.3125,
        15,
        26
    ],
    "C": [
        0.73828125,
        0.2109375,
        0.796875,
        0.3125,
        15,
        26
    ],
    "D": [
        0.8046875,
        0.2109375,
        0.86328125,
        0.3125,
        15,
        26
    ],
    "E": [
        0.87109375,
        0.2109375,
        0.92578125,
        0.3125,
        14,
        26
    ],
    "F": [
        0.93359375,
        0.2109375,
        0.98828125,
        0.3125,
        14,
        26
    ],
    "G": [
        0.0,
        0.3203125,
        0.0625,
        0.421875,
        16,
        26
    ],
    "H": [
        0.0703125,
        0.3203125,
        0.125,
        0.421875,
        14,
        26
    ],
    "I": [
        0.1328125,
        0.3203125,
        0.15234375,
        0.421875,
        5,
        26
    ],
    "J": [
        0.16015625,
        0.3203125,
        0.20703125,
        0.421875,
        12,
        26
    ],
    "K": [
        0.21484375,
        0.3203125,
        0.26953125,
        0.421875,
        14,
        26
    ],
    "L": [
        0.27734375,
        0.3203125,
        0.33203125,
        0.421875,
        14,
        26
    ],
    "M": [
        0.33984375,
        0.3203125,
        0.42578125,
        0.421875,
        22,
        26
    ],
    "N": [
        0.43359375,
        0.3203125,
        0.48828125,
        0.421875,
        14,
        26
    ],
    "O": [
        0.49609375,
        0.3203125,
        0.5546875,
        0.421875,
        15,
        26
    ],
    "P": [
        0.5625,
        0.3203125,
        0.6171875,
        0.421875,
        14,
        26
    ],
    "Q": [
        0.625,
        0.3203125,
        0.68359375,
        0.421875,
        15,
        26
    ],
    "R": [
        0.69140625,
        0.3203125,
        0.75,
        0.421875,
        15,
        26
    ],
    "S": [
        0.7578125,
        0.3203125,
        0.81640625,
        0.421875,
        15,
        26
    ],
    "T": [
        0.82421875,
        0.3203125,
        0.8828125,
        0.421875,
        15,
        26
    ],
    "U": [
        0.890625,
        0.3203125,
        0.9453125,
        0.421875,
        14,
        26
    ],
    "V": [
        0.0,
        0.4296875,
        0.0546875,
        0.53125,
        14,
        26
    ],
    "W": [
        0.0625,
        0.4296875,
        0.1484375,
        0.53125,
        22,
        26
    ],
    "X": [
        0.15625,
        0.4296875,
        0.21484375,
        0.53125,
        15,
        26
    ],
    "Y": [
        0.22265625,
        0.4296875,
        0.27734375,
        0.53125,
        14,
        26
    ],
    "Z": [
        0.28515625,
        0.4296875,
        0.33984375,
        0.53125,
        14,
        26
    ],
    "[": [
        0.34765625,
        0.4296875,
        0.3984375,
        0.53125,
        13,
        26
    ],
    "\\": [
        0.40625,
        0.4296875,
        0.43359375,
        0.53125,
        7,
        26
    ],
    "]": [
        0.44140625,
        0.4296875,
        0.4921875,
        0.53125,
        13,
        26
    ],
    "^": [
        0.5,
        0.4296875,
        0.52734375,
        0.53125,
        7,
        26
    ],
    "_": [
        0.53515625,
        0.4296875,
        0.58203125,
        0.53125,
        12,
        26
    ],
    "`": [
        0.58984375,
        0.4296875,
        0.61328125,
        0.53125,
        6,
        26
    ],
    "a": [
        0.62109375,
        0.4296875,
        0.66796875,
        0.53125,
        12,
        26
    ],
    "b": [
        0.67578125,
        0.4296875,
        0.72265625,
        0.53125,
        12,
        26
    ],
    "c": [
        0.73046875,
        0.4296875,
        0.76953125,
        0.53125,
        10,
        26
    ],
    "d": [
        0.77734375,
        0.4296875,
        0.82421875,
        0.53125,
        12,
        26
    ],