{
    " ": {
        "height": 59,
        "u1": 0.0,
        "u2": 0.0,
        "v1": 0.107421875,
        "v2": 0.201171875,
        "width": 0
    },
    "!": {
        "height": 59,
        "u1": 0.00390625,
        "u2": 0.025390625,
        "v1": 0.107421875,
        "v2": 0.201171875,
        "width": 11
    },
    "\"": {
        "height": 59,
        "u1": 0.029296875,
        "u2": 0.060546875,
        "v1": 0.107421875,
        "v2": 0.201171875,
        "width": 16
    },
    "#": {
        "height": 59,
        "u1": 0.064453125,
        "u2": 0.109375,
        "v1": 0.107421875,
        "v2": 0.201171875,
        "width": 23
    },
    "$": {
        "height": 59,
        "u1": 0.11328125,
        "u2": 0.166015625,
        "v1": 0.107421875,
        "v2": 0.201171875,
        "width": 27
    },
    "%": {
        "height": 59,
        "u1": 0.169921875,
        "u2": 0.2578125,
        "v1": 0.107421875,
        "v2": 0.201171875,
        "width": 45
    },
    "&": {
        "height": 59,
        "u1": 0.26171875,
        "u2": 0.328125,
        "v1": 0.107421875,
        "v2": 0.201171875,
        "width": 34
    },
    "'": {
        "height": 59,
        "u1": 0.33203125,
        "u2": 0.345703125,
        "v1": 0.107421875,
        "v2": 0.201171875,
        "width": 7
    },
    "(": {
        "height": 59,
        "u1": 0.349609375,
        "u2": 0.38671875,
        "v1": 0.107421875,
        "v2": 0.201171875,
        "width": 19
    },
    ")": {
        "height": 59,
        "u1": 0.390625,
        "u2": 0.427734375,
        "v1": 0.107421875,
        "v2": 0.201171875,
        "width": 19
    },
    "*": {
        "height": 59,
        "u1": 0.431640625,
        "u2": 0.46484375,
        "v1": 0.107421875,
        "v2": 0.201171875,
        "width": 17
    },
    "+": {
        "height": 59,
        "u1": 0.46875,
        "u2": 0.52734375,
        "v1": 0.107421875,
        "v2": 0.201171875,
        "width": 30
    },
    ",": {
        "height": 59,
        "u1": 0.53125,
        "u2": 0.55078125,
        "v1": 0.107421875,
        "v2": 0.201171875,
        "width": 10
    },
    "-": {
        "height": 59,
        "u1": 0.5546875,
        "u2": 0.591796875,
        "v1": 0.107421875,
        "v2": 0.201171875,
        "width": 19
    },
    ".": {
        "height": 59,
        "u1": 0.595703125,
        "u2": 0.6171875,
        "v1": 0.107421875,
        "v2": 0.201171875,
        "width": 11
    },
    "/": {
        "height": 59,
        "u1": 0.62109375,
        "u2": 0.68359375,
        "v1": 0.107421875,
        "v2": 0.201171875,
        "width": 32
    },
    "0": {
        "height": 59,
        "u1": 0.6875,
        "u2": 0.744140625,
        "v1": 0.107421875,
        "v2": 0.201171875,
        "width": 29
    },
    "1": {
        "height": 59,
        "u1": 0.748046875,
        "u2": 0.78515625,
        "v1": 0.107421875,
        "v2": 0.201171875,
        "width": 19
    },
    "2": {
        "height": 59,
        "u1": 0.7890625,
        "u2": 0.84375,
        "v1": 0.107421875,
        "v2": 0.201171875,
        "width": 28
    },
    "3": {
        "height": 59,
        "u1": 0.84765625,
        "u2": 0.8984375,
        "v1": 0.107421875,
        "v2": 0.201171875,
        "width": 26
    },
    "4": {
        "height": 59,
        "u1": 0.90234375,
        "u2": 0.958984375,
        "v1": 0.107421875,
        "v2": 0.201171875,
        "width": 29
    },
    "5": {
        "height": 59,
        "u1": 0.0,
        "u2": 0.05078125,
        "v1": 0.2265625,
        "v2": 0.3203125,
        "width": 26
    },
    "6": {
        "height": 59,
        "u1": 0.0546875,
        "u2": 0.107421875,
        "v1": 0.2265625,
        "v2": 0.3203125,
        "width": 27
    },
    "7": {
        "height": 59,
        "u1": 0.111328125,
        "u2": 0.169921875,
        "v1": 0.2265625,
        "v2": 0.3203125,
        "width": 30
    },
    "8": {
        "height": 59,
        "u1": 0.173828125,
        "u2": 0.2265625,
        "v1": 0.2265625,
        "v2": 0.3203125,
        "width": 27
    },
    "9": {
        "height": 59,
        "u1": 0.23046875,
        "u2": 0.283203125,
        "v1": 0.2265625,
        "v2": 0.3203125,
        "width": 27
    },
    ":": {
        "height": 59,
        "u1": 0.287109375,
        "u2": 0.310546875,
        "v1": 0.2265625,
        "v2": 0.3203125,
        "width": 12
    },
    ";": {
        "height": 59,
        "u1": 0.314453125,
        "u2": 0.3359375,
        "v1": 0.2265625,
        "v2": 0.3203125,
        "width": 11
    },
    "<": {
        "height": 59,
        "u1": 0.33984375,
        "u2": 0.384765625,
        "v1": 0.2265625,
        "v2": 0.3203125,
        "width": 23
    },
    "=": {
        "height": 59,
        "u1": 0.388671875,
        "u2": 0.439453125,
        "v1": 0.2265625,
        "v2": 0.3203125,
        "width": 26
    },
    ">": {
        "height": 59,
        "u1": 0.443359375,
        "u2": 0.48828125,
        "v1": 0.2265625,
        "v2": 0.3203125,
        "width": 23
    },
    "?": {
        "height": 59,
        "u1": 0.4921875,
        "u2": 0.52734375,
        "v1": 0.2265625,
        "v2": 0.3203125,
        "width": 18
    },
    "@": {
        "height": 59,
        "u1": 0.53125,
        "u2": 0.646484375,
        "v1": 0.2265625,
        "v2": 0.3203125,
        "width": 59
    },
    "A": {
        "height": 59,
        "u1": 0.650390625,
        "u2": 0.728515625,
        "v1": 0.2265625,
        "v2": 0.3203125,
        "width": 40
    },
    "B": {
        "height": 59,
        "u1": 0.732421875,
        "u2": 0.79296875,
        "v1": 0.2265625,
        "v2": 0.3203125,
        "width": 31
    },
    "C": {
        "height": 59,
        "u1": 0.796875,
        "u2": 0.869140625,
        "v1": 0.2265625,
        "v2": 0.3203125,
        "width": 37
    },
    "D": {
        "height": 59,
        "u1": 0.873046875,
        "u2": 0.95703125,
        "v1": 0.2265625,
        "v2": 0.3203125,
        "width": 43
    },
    "E": {
        "height": 59,
        "u1": 0.0,
        "u2": 0.068359375,
        "v1": 0.345703125,
        "v2": 0.439453125,
        "width": 35
    },
    "F": {
        "height": 59,
        "u1": 0.072265625,
        "u2": 0.130859375,
        "v1": 0.345703125,
        "v2": 0.439453125,
        "width": 30
    },
    "G": {
        "height": 59,
        "u1": 0.134765625,
        "u2": 0.216796875,
        "v1": 0.345703125,
        "v2": 0.439453125,
        "width": 42
    },
    "H": {
        "height": 59,
        "u1": 0.220703125,
        "u2": 0.314453125,
        "v1": 0.345703125,
        "v2": 0.439453125,
        "width": 48
    },
    "I": {
        "height": 59,
        "u1": 0.318359375,
        "u2": 0.35546875,
        "v1": 0.345703125,
        "v2": 0.439453125,
        "width": 19
    },
    "J": {
        "height": 59,
        "u1": 0.359375,
        "u2": 0.4140625,
        "v1": 0.345703125,
        "v2": 0.439453125,
        "width": 28
    },
    "K": {
        "height": 59,
        "u1": 0.41796875,
        "u2": 0.494140625,
        "v1": 0.345703125,
        "v2": 0.439453125,
        "width": 39
    },
    "L": {
        "height": 59,
        "u1": 0.498046875,
        "u2": 0.564453125,
        "v1": 0.345703125,
        "v2": 0.439453125,
        "width": 34
    },
    "M": {
        "height": 59,
        "u1": 0.568359375,
        "u2": 0.67578125,
        "v1": 0.345703125,
        "v2": 0.439453125,
        "width": 55
    },
    "N": {
        "height": 59,
        "u1": 0.6796875,
        "u2": 0.759765625,
        "v1": 0.345703125,
        "v2": 0.439453125,
        "width": 41
    },
    "O": {
        "height": 59,
        "u1": 0.763671875,
        "u2": 0.849609375,
        "v1": 0.345703125,
        "v2": 0.439453125,
        "width": 44
    },
    "P": {
        "height": 59,
        "u1": 0.853515625,
        "u2": 0.916015625,