{
    " ": {
        "height": 29,
        "u1": 0.0,
        "u2": 0.0,
        "v1": 0.1015625,
        "v2": 0.21484375,
        "width": 0
    },
    "!": {
        "height": 29,
        "u1": 0.0078125,
        "u2": 0.0234375,
        "v1": 0.1015625,
        "v2": 0.21484375,
        "width": 4
    },
    "\"": {
        "height": 29,
        "u1": 0.03125,
        "u2": 0.0625,
        "v1": 0.1015625,
        "v2": 0.21484375,
        "width": 8
    },
    "#": {
        "height": 29,
        "u1": 0.0703125,
        "u2": 0.13671875,
        "v1": 0.1015625,
        "v2": 0.21484375,
        "width": 17
    },
    "$": {
        "height": 29,
        "u1": 0.14453125,
        "u2": 0.19921875,
        "v1": 0.1015625,
        "v2": 0.21484375,
        "width": 14
    },
    "%": {
        "height": 29,
        "u1": 0.20703125,
        "u2": 0.296875,
        "v1": 0.1015625,
        "v2": 0.21484375,
        "width": 23
    },
    "&": {
        "height": 29,
        "u1": 0.3046875,
        "u2": 0.375,
        "v1": 0.1015625,
        "v2": 0.21484375,
        "width": 18
    },
    "'": {
        "height": 29,
        "u1": 0.3828125,
        "u2": 0.39453125,
        "v1": 0.1015625,
        "v2": 0.21484375,
        "width": 3
    },
    "(": {
        "height": 29,
        "u1": 0.40234375,
        "u2": 0.43359375,
        "v1": 0.1015625,
        "v2": 0.21484375,
        "width": 8
    },
    ")": {
        "height": 29,
        "u1": 0.44140625,
        "u2": 0.47265625,
        "v1": 0.1015625,
        "v2": 0.21484375,
        "width": 8
    },
    "*": {
        "height": 29,
        "u1": 0.48046875,
        "u2": 0.52734375,
        "v1": 0.1015625,
        "v2": 0.21484375,
        "width": 12
    },
    "+": {
        "height": 29,
        "u1": 0.53515625,
        "u2": 0.58984375,
        "v1": 0.1015625,
        "v2": 0.21484375,
        "width": 14
    },
    ",": {
        "height": 29,
        "u1": 0.59765625,
        "u2": 0.6171875,
        "v1": 0.1015625,
        "v2": 0.21484375,
        "width": 5
    },
    "-": {
        "height": 29,
        "u1": 0.625,
        "u2": 0.65625,
        "v1": 0.1015625,
        "v2": 0.21484375,
        "width": 8
    },
    ".": {
        "height": 29,
        "u1": 0.6640625,
        "u2": 0.68359375,
        "v1": 0.1015625,
        "v2": 0.21484375,
        "width": 5
    },
    "/": {
        "height": 29,
        "u1": 0.69140625,
        "u2": 0.7421875,
        "v1": 0.1015625,
        "v2": 0.21484375,
        "width": 13
    },
    "0": {
        "height": 29,
        "u1": 0.75,
        "u2": 0.8046875,
        "v1": 0.1015625,
        "v2": 0.21484375,
        "width": 14
    },
    "1": {
        "height": 29,
        "u1": 0.8125,
        "u2": 0.84765625,
        "v1": 0.1015625,
        "v2": 0.21484375,
        "width": 9
    },
    "2": {
        "height": 29,
        "u1": 0.85546875,
        "u2": 0.90625,
        "v1": 0.1015625,
        "v2": 0.21484375,
        "width": 13
    },
    "3": {
        "height": 29,
        "u1": 0.9140625,
        "u2": 0.96484375,
        "v1": 0.1015625,
        "v2": 0.21484375,
        "width": 13
    },
    "4": {
        "height": 29,
        "u1": 0.0,
        "u2": 0.0546875,
        "v1": 0.22265625,
        "v2": 0.3359375,
        "width": 14
    },
    "5": {
        "height": 29,
        "u1": 0.0625,
        "u2": 0.1171875,
        "v1": 0.22265625,
        "v2": 0.3359375,
        "width": 14
    },
    "6": {
        "height": 29,
        "u1": 0.125,
        "u2": 0.1796875,
        "v1": 0.22265625,
        "v2": 0.3359375,
        "width": 14
    },
    "7": {
        "height": 29,
        "u1": 0.1875,
        "u2": 0.2421875,
        "v1": 0.22265625,
        "v2": 0.3359375,
        "width": 14
    },
    "8": {
        "height": 29,
        "u1": 0.25,
        "u2": 0.3046875,
        "v1": 0.22265625,
        "v2": 0.3359375,
        "width": 14
    },
    "9": {
        "height": 29,
        "u1": 0.3125,
        "u2": 0.3671875,
        "v1": 0.22265625,
        "v2": 0.3359375,
        "width": 14
    },
    ":": {
        "height": 29,
        "u1": 0.375,
        "u2": 0.39453125,
        "v1": 0.22265625,
        "v2": 0.3359375,
        "width": 5
    },
    ";": {
        "height": 29,
        "u1": 0.40234375,
        "u2": 0.421875,
        "v1": 0.22265625,
        "v2": 0.3359375,
        "width": 5
    },
    "<": {
        "height": 29,
        "u1": 0.4296875,
        "u2": 0.484375,
        "v1": 0.22265625,
        "v2": 0.3359375,
        "width": 14
    },
    "=": {
        "height": 29,
        "u1": 0.4921875,
        "u2": 0.546875,
        "v1": 0.22265625,
        "v2": 0.3359375,
        "width": 14
    },
    ">": {
        "height": 29,
        "u1": 0.5546875,
        "u2": 0.609375,
        "v1": 0.22265625,
        "v2": 0.3359375,
        "width": 14
    },
    "?": {
        "height": 29,
        "u1": 0.6171875,
        "u2": 0.66015625,
        "v1": 0.22265625,
        "v2": 0.3359375,
        "width": 11
    },
    "@": {
        "height": 29,
        "u1": 0.66796875,
        "u2": 0.765625,
        "v1": 0.22265625,
        "v2": 0.3359375,
        "width": 25
    },
    "A": {
        "height": 29,
        "u1": 0.7734375,
        "u2": 0.84765625,
        "v1": 0.22265625,
        "v2": 0.3359375,
        "width": 19
    },
    "B": {
        "height": 29,
        "u1": 0.85546875,
        "u2": 0.9140625,
        "v1": 0.22265625,
        "v2": 0.3359375,
        "width": 15
    },
    "C": {
        "height": 29,
        "u1": 0.921875,
        "u2": 0.984375,
        "v1": 0.22265625,
        "v2": 0.3359375,
        "width": 16
    },
    "D": {
        "height": 29,
        "u1": 0.0,
        "u2": 0.06640625,
        "v1": 0.34375,
        "v2": 0.45703125,
        "width": 17
    },
    "E": {
        "height": 29,
        "u1": 0.07421875,
        "u2": 0.12890625,
        "v1": 0.34375,
        "v2": 0.45703125,
        "width": 14
    },
    "F": {
        "height": 29,
        "u1": 0.13671875,
        "u2": 0.1875,
        "v1": 0.34375,
        "v2": 0.45703125,
        "width": 13
    },
    "G": {
        "height": 29,
        "u1": 0.1953125,
        "u2": 0.26171875,
        "v1": 0.34375,
        "v2": 0.45703125,
        "width": 17
    },
    "H": {
        "height": 29,
        "u1": 0.26953125,
        "u2": 0.33203125,
        "v1": 0.34375,
        "v2": 0.45703125,
        "width": 16
    },
    "I": {
        "height": 29,
        "u1": 0.33984375,
        "u2": 0.35546875,
        "v1": 0.34375,
        "v2": 0.45703125,
        "width": 4
    },
    "J": {
        "height": 29,
        "u1": 0.36328125,
        "u2": 0.41015625,
        "v1": 0.34375,
        "v2": 0.45703125,
        "width": 12
    },
    "K": {
        "height": 29,
        "u1": 0.41796875,
        "u2": 0.48046875,
        "v1": 0.34375,
        "v2": 0.45703125,
        "width": 16
    },
    "L": {
        "height": 29,
        "u1": 0.48828125,
        "u2": 0.5390625,
        "v1": 0.34375,
        "v2": 0.45703125,
        "width": 13
    },
    "M": {
        "height": 29,
        "u1": 0.546875,
        "u2": 0.6328125,
        "v1": 0.34375,
        "v2": 0.45703125,
        "width": 22
    },
    "N": {
        "height": 29,
        "u1": 0.640625,
        "u2": 0.70703125,
        "v1": 0.34375,
        "v2": 0.45703125,
        "width": 17
    },
    "O": {
        "height": 29,
        "u1": 0.71484375,
        "u2": 0.79296875,
        "v1": 0.34375,
        "v2": 0.45703125,
        "width": 20
    },
    "P": {
        "height": 29,
        "u1": 0.80078125,
        "u2": 0.859375,
        "v1": 0.34375,
        "v2": 0.45703125,
        "width": 15
    },
    "Q": {
        "height": 29,
        "u1": 0.8671875,
        "u2": 0.9453125,
        "v1": 0.34375,
        "v2": 0.45703125,
        "width": 20
    },