{
    " ": [
        0.0,
        0.05078125,
        0.0,
        0.109375,
        0,
        15
    ],
    "!": [
        0.0078125,
        0.05078125,
        0.015625,
        0.109375,
        2,
        15
    ],
    "\"": [
        0.0234375,
        0.05078125,
        0.0390625,
        0.109375,
        4,
        15
    ],
    "#": [
        0.046875,
        0.05078125,
        0.08203125,
        0.109375,
        9,
        15
    ],
    "$": [
        0.08984375,
        0.05078125,
        0.12109375,
        0.109375,
        8,
        15
    ],
    "%": [
        0.12890625,
        0.05078125,
        0.17578125,
        0.109375,
        12,
        15
    ],
    "&": [
        0.18359375,
        0.05078125,
        0.22265625,
        0.109375,
        10,
        15
    ],
    "'": [
        0.23046875,
        0.05078125,
        0.23828125,
        0.109375,
        2,
        15
    ],
    "(": [
        0.24609375,
        0.05078125,
        0.26171875,
        0.109375,
        4,
        15
    ],
    ")": [
        0.26953125,
        0.05078125,
        0.28515625,
        0.109375,
        4,
        15
    ],
    "*": [
        0.29296875,
        0.05078125,
        0.3203125,
        0.109375,
        7,
        15
    ],
    "+": [
        0.328125,
        0.05078125,
        0.359375,
        0.109375,
        8,
        15
    ],
    ",": [
        0.3671875,
        0.05078125,
        0.37890625,
        0.109375,
        3,
        15
    ],
    "-": [
        0.38671875,
        0.05078125,
        0.40234375,
        0.109375,
        4,
        15
    ],
    ".": [
        0.41015625,
        0.05078125,
        0.421875,
        0.109375,
        3,
        15
    ],
    "/": [
        0.4296875,
        0.05078125,
        0.45703125,
        0.109375,
        7,
        15
    ],
    "0": [
        0.46484375,
        0.05078125,
        0.49609375,
        0.109375,
        8,
        15
    ],
    "1": [
        0.50390625,
        0.05078125,
        0.5234375,
        0.109375,
        5,
        15
    ],
    "2": [
        0.53125,
        0.05078125,
        0.55859375,
        0.109375,
        7,
        15
    ],
    "3": [
        0.56640625,
        0.05078125,
        0.59375,
        0.109375,
        7,
        15
    ],
    "4": [
        0.6015625,
        0.05078125,
        0.6328125,
        0.109375,
        8,
        15
    ],
    "5": [
        0.640625,
        0.05078125,
        0.671875,
        0.109375,
        8,
        15
    ],
    "6": [
        0.6796875,
        0.05078125,
        0.7109375,
        0.109375,
        8,
        15
    ],
    "7": [
        0.71875,
        0.05078125,
        0.75,
        0.109375,
        8,
        15
    ],
    "8": [
        0.7578125,
        0.05078125,
        0.7890625,
        0.109375,
        8,
        15
    ],
    "9": [
        0.796875,
        0.05078125,
        0.828125,
        0.109375,
        8,
        15
    ],
    ":": [
        0.8359375,
        0.05078125,
        0.84765625,
        0.109375,
        3,
        15
    ],
    ";": [
        0.85546875,
        0.05078125,
        0.8671875,
        0.109375,
        3,
        15
    ],
    "<": [
        0.875,
        0.05078125,
        0.90625,
        0.109375,
        8,
        15
    ],
    "=": [
        0.9140625,
        0.05078125,
        0.9453125,
        0.109375,
        8,
        15
    ],
    ">": [
        0.953125,
        0.05078125,
        0.984375,
        0.109375,
        8,
        15
    ],
    "?": [
        0.0,
        0.1171875,
        0.0234375,
        0.17578125,
        6,
        15
    ],
    "@": [
        0.03125,
        0.1171875,
        0.08203125,
        0.17578125,
        13,
        15
    ],
    "A": [
        0.08984375,
        0.1171875,
        0.12890625,
        0.17578125,
        10,
        15
    ],
    "B": [
        0.13671875,
        0.1171875,
        0.16796875,
        0.17578125,
        8,
        15
    ],
    "C": [
        0.17578125,
        0.1171875,
        0.2109375,
        0.17578125,
        9,
        15
    ],
    "D": [
        0.21875,
        0.1171875,
        0.25390625,
        0.17578125,
        9,
        15
    ],
    "E": [
        0.26171875,
        0.1171875,
        0.2890625,
        0.17578125,
        7,
        15
    ],
    "F": [
        0.296875,
        0.1171875,
        0.32421875,
        0.17578125,
        7,
        15
    ],
    "G": [
        0.33203125,
        0.1171875,
        0.3671875,
        0.17578125,
        9,
        15
    ],
    "H": [
        0.375,
        0.1171875,
        0.40625,
        0.17578125,
        8,
        15
    ],
    "I": [
        0.4140625,
        0.1171875,
        0.421875,
        0.17578125,
        2,
        15
    ],
    "J": [
        0.4296875,
        0.1171875,
        0.453125,
        0.17578125,
        6,
        15
    ],
    "K": [
        0.4609375,
        0.1171875,
        0.4921875,
        0.17578125,
        8,
        15
    ],
    "L": [
        0.5,
        0.1171875,
        0.52734375,
        0.17578125,
        7,
        15
    ],
    "M": [
        0.53515625,
        0.1171875,
        0.58203125,
        0.17578125,
        12,
        15
    ],
    "N": [
        0.58984375,
        0.1171875,
        0.625,
        0.17578125,
        9,
        15
    ],
    "O": [
        0.6328125,
        0.1171875,
        0.67578125,
        0.17578125,
        11,
        15
    ],
    "P": [
        0.68359375,
        0.1171875,
        0.71484375,
        0.17578125,
        8,
        15
    ],
    "Q": [
        0.72265625,
        0.1171875,
        0.765625,
        0.17578125,
        11,
        15
    ],
    "R": [
        0.7734375,
        0.1171875,
        0.8046875,
        0.17578125,
        8,
        15
    ],
    "S": [
        0.8125,
        0.1171875,
        0.84375,
        0.17578125,
        8,
        15
    ],
    "T": [
        0.8515625,
        0.1171875,
        0.8828125,
        0.17578125,
        8,
        15
    ],
    "U": [
        0.890625,
        0.1171875,
        0.921875,
        0.17578125,
        8,
        15
    ],
    "V": [
        0.9296875,
        0.1171875,
        0.96875,
        0.17578125,
        10,
        15
    ],
    "W": [
        0.0,
        0.18359375,
        0.05078125,
        0.2421875,
        13,
        15
    ],
    "X": [
        0.05859375,
        0.18359375,
        0.09375,
        0.2421875,
        9,
        15
    ],
    "Y": [
        0.1015625,
        0.18359375,
        0.13671875,
        0.2421875,
        9,
        15
    ],
    "Z": [
        0.14453125,
        0.18359375,
        0.17578125,
        0.2421875,
        8,
        15
    ],
    "[": [
        0.18359375,
        0.18359375,
        0.19921875,
        0.2421875,
        4,
        15
    ],
    "\\": [
        0.20703125,
        0.18359375,
        0.234375,
        0.2421875,
        7,
        15
    ],
    "]": [
        0.2421875,
        0.18359375,
        0.2578125,
        0.2421875,
        4,
        15
    ],
    "^": [
        0.265625,
        0.18359375,
        0.296875,
        0.2421875,
        8,
        15
    ],
    "_": [
        0.3046875,
        0.18359375,
        0.33984375,
        0.2421875,
        9,
        15
    ],
    "`": [
        0.34765625,
        0.18359375,
        0.36328125,
        0.2421875,
        4,
        15
    ],
    "a": [
        0.37109375,
        0.18359375,
        0.3984375,
        0.2421875,
        7,
        15
    ],
    "b": [
        0.40625,
        0.18359375,
        0.43359375,
        0.2421875,
        7,
        15
    ],
    "c": [
        0.44140625,
        0.18359375,
        0.46875,
        0.2421875,
        7,
        15
    ],