{
    " ": [
        0.0,
        0.1015625,
        0.0,
        0.21484375,
        0,
        29
    ],
    "!": [
        0.0078125,
        0.1015625,
        0.0234375,
        0.21484375,
        4,
        29
    ],
    "\"": [
        0.03125,
        0.1015625,
        0.0625,
        0.21484375,
        8,
        29
    ],
    "#": [
        0.0703125,
        0.1015625,
        0.13671875,
        0.21484375,
        17,
        29
    ],
    "$": [
        0.14453125,
        0.1015625,
        0.19921875,
        0.21484375,
        14,
        29
    ],
    "%": [
        0.20703125,
        0.1015625,
        0.296875,
        0.21484375,
        23,
        29
    ],
    "&": [
        0.3046875,
        0.1015625,
        0.375,
        0.21484375,
        18,
        29
    ],
    "'": [
        0.3828125,
        0.1015625,
        0.39453125,
        0.21484375,
        3,
        29
    ],
    "(": [
        0.40234375,
        0.1015625,
        0.43359375,
        0.21484375,
        8,
        29
    ],
    ")": [
        0.44140625,
        0.1015625,
        0.47265625,
        0.21484375,
        8,
        29
    ],
    "*": [
        0.48046875,
        0.1015625,
        0.52734375,
        0.21484375,
        12,
        29
    ],
    "+": [
        0.53515625,
        0.1015625,
        0.58984375,
        0.21484375,
        14,
        29
    ],
    ",": [
        0.59765625,
        0.1015625,
        0.6171875,
        0.21484375,
        5,
        29
    ],
    "-": [
        0.625,
        0.1015625,
        0.65625,
        0.21484375,
        8,
        29
    ],
    ".": [
        0.6640625,
        0.1015625,
        0.68359375,
        0.21484375,
        5,
        29
    ],
    "/": [
        0.69140625,
        0.1015625,
        0.7421875,
        0.21484375,
        13,
        29
    ],
    "0": [
        0.75,
        0.1015625,
        0.8046875,
        0.21484375,
        14,
        29
    ],
    "1": [
        0.8125,
        0.1015625,
        0.84765625,
        0.21484375,
        9,
        29
    ],
    "2": [
        0.85546875,
        0.1015625,
        0.90625,
        0.21484375,
        13,
        29
    ],
    "3": [
        0.9140625,
        0.1015625,
        0.96484375,
        0.21484375,
        13,
        29
    ],
    "4": [
        0.0,
        0.22265625,
        0.0546875,
        0.3359375,
        14,
        29
    ],
    "5": [
        0.0625,
        0.22265625,
        0.1171875,
        0.3359375,
        14,
        29
    ],
    "6": [
        0.125,
        0.22265625,
        0.1796875,
        0.3359375,
        14,
        29
    ],
    "7": [
        0.1875,
        0.22265625,
        0.2421875,
        0.3359375,
        14,
        29
    ],
    "8": [
        0.25,
        0.22265625,
        0.3046875,
        0.3359375,
        14,
        29
    ],
    "9": [
        0.3125,
        0.22265625,
        0.3671875,
        0.3359375,
        14,
        29
    ],
    ":": [
        0.375,
        0.22265625,
        0.39453125,
        0.3359375,
        5,
        29
    ],
    ";": [
        0.40234375,
        0.22265625,
        0.421875,
        0.3359375,
        5,
        29
    ],
    "<": [
        0.4296875,
        0.22265625,
        0.484375,
        0.3359375,
        14,
        29
    ],
    "=": [
        0.4921875,
        0.22265625,
        0.546875,
        0.3359375,
        14,
        29
    ],
    ">": [
        0.5546875,
        0.22265625,
        0.609375,
        0.3359375,
        14,
        29
    ],
    "?": [
        0.6171875,
        0.22265625,
        0.66015625,
        0.3359375,
        11,
        29
    ],
    "@": [
        0.66796875,
        0.22265625,
        0.765625,
        0.3359375,
        25,
        29
    ],
    "A": [
        0.7734375,
        0.22265625,
        0.84765625,
        0.3359375,
        19,
        29
    ],
    "B": [
        0.85546875,
        0.22265625,
        0.9140625,
        0.3359375,
        15,
        29
    ],
    "C": [
        0.921875,
        0.22265625,
        0.984375,
        0.3359375,
        16,
        29
    ],
    "D": [
        0.0,
        0.34375,
        0.06640625,
        0.45703125,
        17,
        29
    ],
    "E": [
        0.07421875,
        0.34375,
        0.12890625,
        0.45703125,
        14,
        29
    ],
    "F": [
        0.13671875,
        0.34375,
        0.1875,
        0.45703125,
        13,
        29
    ],
    "G": [
        0.1953125,
        0.34375,
        0.26171875,
        0.45703125,
        17,
        29
    ],
    "H": [
        0.26953125,
        0.34375,
        0.33203125,
        0.45703125,
        16,
        29
    ],
    "I": [
        0.33984375,
        0.34375,
        0.35546875,
        0.45703125,
        4,
        29
    ],
    "J": [
        0.36328125,
        0.34375,
        0.41015625,
        0.45703125,
        12,
        29
    ],
    "K": [
        0.41796875,
        0.34375,
        0.48046875,
        0.45703125,
        16,
        29
    ],
    "L": [
        0.48828125,
        0.34375,
        0.5390625,
        0.45703125,
        13,
        29
    ],
    "M": [
        0.546875,
        0.34375,
        0.6328125,
        0.45703125,
        22,
        29
    ],
    "N": [
        0.640625,
        0.34375,
        0.70703125,
        0.45703125,
        17,
        29
    ],
    "O": [
        0.71484375,
        0.34375,
        0.79296875,
        0.45703125,
        20,
        29
    ],
    "P": [
        0.80078125,
        0.34375,
        0.859375,
        0.45703125,
        15,
        29
    ],
    "Q": [
        0.8671875,
        0.34375,
        0.9453125,
        0.45703125,
        20,
        29
    ],
    "R": [
        0.0,
        0.46484375,
        0.0625,
        0.578125,
        16,
        29
    ],
    "S": [
        0.0703125,
        0.46484375,
        0.12890625,
        0.578125,
        15,
        29
    ],
    "T": [
        0.13671875,
        0.46484375,
        0.19921875,
        0.578125,
        16,
        29
    ],
    "U": [
        0.20703125,
        0.46484375,
        0.26953125,
        0.578125,
        16,
        29
    ],
    "V": [
        0.27734375,
        0.46484375,
        0.3515625,
        0.578125,
        19,
        29
    ],
    "W": [
        0.359375,
        0.46484375,
        0.4609375,
        0.578125,
        26,
        29
    ],
    "X": [
        0.46875,
        0.46484375,
        0.5390625,
        0.578125,
        18,
        29
    ],
    "Y": [
        0.546875,
        0.46484375,
        0.61328125,
        0.578125,
        17,
        29
    ],
    "Z": [
        0.62109375,
        0.46484375,
        0.68359375,
        0.578125,
        16,
        29
    ],
    "[": [
        0.69140625,
        0.46484375,
        0.72265625,
        0.578125,
        8,
        29
    ],
    "\\": [
        0.73046875,
        0.46484375,
        0.78125,
        0.578125,
        13,
        29
    ],
    "]": [
        0.7890625,
        0.46484375,
        0.81640625,
        0.578125,
        7,
        29
    ],
    "^": [
        0.82421875,
        0.46484375,
        0.87890625,
        0.578125,
        14,
        29
    ],
    "_": [
        0.88671875,
        0.46484375,
        0.94921875,
        0.578125,
        16,
        29
    ],
    "`": [
        0.95703125,
        0.46484375,
        0.984375,
        0.578125,
        7,
        29
    ],
    "a": [
        0.0,
        0.5859375,
        0.046875,
        0.69921875,
        12,
        29
    ],
    "b": [
        0.0546875,
        0.5859375,
        0.109375,
        0.69921875,
        14,
        29
    ],
    "c": [
        0.1171875,
        0.5859375,
        0.1640625,
        0.69921875,
        12,
        29
    ],